,mse,mae,r2
0,0.3139975965023041,0.4315393328666687,0.5500813841819763
