,mse,mae,r2
0,0.4139101207256317,0.5168219208717346,0.4069194197654724
