,mse,mae,r2
0,0.27492208033800125,0.3965206310153008,0.6060716271400451
