,mse,mae,r2
0,0.38556918501853943,0.48507118225097656,0.4475283622741699
