,mse,mae,r2
0,0.33933374285697937,0.4557829201221466,0.5137779712677002
