,mse,mae,r2
0,0.32464162558317183,0.4404140323400497,0.5348298281431199
