,mse,mae,r2
0,0.3938784599304199,0.5011706337332725,0.4356222331523895
