,mse,mae,r2
0,0.328912191092968,0.4450178101658821,0.5287106573581696
