,mse,mae,r2
0,0.39428084194660185,0.4921147719025612,0.43504569828510287
