,mse,mae,r2
0,0.39907702803611755,0.5052587985992432,0.42817336320877075
