,mse,mae,r2
0,0.40110592544078827,0.5061838313937187,0.4252662301063538
