,mse,mae,r2
0,0.3493815720081329,0.45382321029901507,0.499380624294281
