,mse,mae,r2
0,0.296436071395874,0.4181307554244995,0.5752447843551636
