,mse,mae,r2
0,0.6182973057031631,0.7087430417537689,0.11405859589576721
