,mse,mae,r2
0,0.6941497534513473,0.748693785071373,0.00537165105342865
