,mse,mae,r2
0,0.28939286470413206,0.41012539267539977,0.5853368222713471
