,mse,mae,r2
0,0.6331859827041626,0.7265905737876892,0.09272497892379761
