,mse,mae,r2
0,0.7084262102842331,0.7615188419818878,-0.015084654092788696
