,mse,mae,r2
0,1.8246100544929504,1.020558550953865,-1.6144341349601745
