,mse,mae,r2
0,0.29521163254976274,0.41886241286993026,0.5769992619752884
