,mse,mae,r2
0,0.7119249701499939,0.768726646900177,-0.020097851753234863
