,mse,mae,r2
0,0.5147523954510689,0.5808733642101288,0.26242527961730955
