,mse,mae,r2
0,0.4642485976219177,0.5358728766441345,0.33479076623916626
