,mse,mae,r2
0,0.47213864624500274,0.5327906131744384,0.32348535656929017
