,mse,mae,r2
0,0.5750962287187577,0.635256215929985,0.17596024870872498
