,mse,mae,r2
0,0.6140598297119141,0.6333795219659806,0.12013032734394073
