,mse,mae,r2
0,0.5061960816383362,0.5764328241348267,0.2746853828430176
