,mse,mae,r2
0,0.646960437297821,0.6507270336151123,0.07298797369003296
