,mse,mae,r2
0,0.5470245212316514,0.5230380445718765,-2.070115602016449
