,mse,mae,r2
0,0.6589860200881958,0.7342868924140931,0.05575630664825439
