,mse,mae,r2
0,0.28654704093933103,0.48338069319725036,-0.6082140564918518
