,mse,mae,r2
0,0.47351301163434983,0.4540530413389206,-1.6575400948524475
