,mse,mae,r2
0,0.7738650798797607,0.8210964858531952,-0.10885024070739746
