,mse,mae,r2
0,0.7756770730018616,0.8440411627292633,-0.11144723892211914
