,mse,mae,r2
0,0.7750153601169586,0.8212155282497406,-0.11049911975860596
