,mse,mae,r2
0,0.2068981036543846,0.3806588351726532,-0.16119309663772582
