,mse,mae,r2
0,0.7526354789733887,0.7647787511348725,-0.07843155860900879
