,mse,mae,r2
0,0.6300706624984741,0.7052542686462402,0.09718886613845826
