,mse,mae,r2
0,0.2843874543905258,0.4065308809280396,0.5925086975097656
