,mse,mae,r2
0,0.7058127760887146,0.7787664949893951,-0.01134054660797119
