,mse,mae,r2
0,0.30952135622501376,0.4254033863544464,0.5564950048923493
