,mse,mae,r2
0,0.46626550555229185,0.4559251755475998,-1.6168648719787597
