,mse,mae,r2
0,0.7748317062854767,0.8429214239120484,-0.11023529767990112
