,mse,mae,r2
0,0.32968038618564605,0.4474340438842773,0.527609670162201
