,mse,mae,r2
0,0.34448840022087096,0.3956270158290863,-0.9334036350250244
