,mse,mae,r2
0,0.08086058497428894,0.20671816170215607,0.5461786985397339
