,mse,mae,r2
0,0.1001795306801796,0.22855766117572784,0.43775320053100586
