,mse,mae,r2
0,0.09358013942837715,0.2222789593040943,0.47479164898395537
