,mse,mae,r2
0,0.08519988246262074,0.21420156732201576,0.5218249231576919
