,mse,mae,r2
0,0.11437895596027374,0.24657069742679597,0.35806054174900054
