,mse,mae,r2
0,0.08580399826169013,0.21153578013181687,0.5184343993663788
