,mse,mae,r2
0,0.11561488173902035,0.24893320351839066,0.3511240452528
