,mse,mae,r2
0,0.09299314469099045,0.2210922859609127,0.47808608412742615
