,mse,mae,r2
0,0.11280427128076553,0.2393169403076172,0.3668983578681946
