,mse,mae,r2
0,0.08627548813819885,0.21849915385246277,0.515788197517395
