,mse,mae,r2
0,0.10024332664906979,0.2364384263753891,0.4373952358961105
