,mse,mae,r2
0,0.253020703792572,0.43286556005477905,-0.4200512170791626
