,mse,mae,r2
0,0.09794016554951668,0.23090335428714753,0.45032148957252505
