,mse,mae,r2
0,0.25649488195776937,0.45083349496126174,-0.4395496606826782
