,mse,mae,r2
0,0.20209205150604248,0.3683236837387085,-0.13421964645385742
