,mse,mae,r2
0,0.9030653983354568,0.8958533018827438,-4.068356370925903
