,mse,mae,r2
0,0.21274462416768075,0.3870185136795044,-0.1940060555934906
