,mse,mae,r2
0,0.1097033180296421,0.24310798123478888,0.38430204689502717
