,mse,mae,r2
0,0.16990496218204498,0.29887786507606506,0.046427011489868164
