,mse,mae,r2
0,0.12311193868517875,0.2552710846066475,0.30904764533042905
