,mse,mae,r2
0,0.1637665420770645,0.2957985639572144,0.08087806403636932
