,mse,mae,r2
0,0.12912896275520325,0.2611684203147888,0.2752777338027954
