,mse,mae,r2
0,0.10902193635702133,0.23534051328897476,0.38812626004219053
