,mse,mae,r2
0,0.2960797667503357,0.42017767429351804,0.5757550954818725
