,mse,mae,r2
0,0.11900559291243554,0.2625769659876823,0.33209405541419984
