,mse,mae,r2
0,0.12088644355535508,0.2507763460278511,0.32153799533843996
