,mse,mae,r2
0,0.15326800495386123,0.3152372747659683,0.13979995250701904
