,mse,mae,r2
0,0.09766411408782005,0.23118454068899155,0.45187078714370726
