,mse,mae,r2
0,0.460650372505188,0.5221307694911956,0.33994620442390444
