,mse,mae,r2
0,0.5005753338336945,0.5728811204433442,0.28273879289627074
