,mse,mae,r2
0,0.5562011629343033,0.5939385175704956,-2.1216185092926025
