,mse,mae,r2
0,0.13144049644470215,0.2688818037509918,0.26230451464653015
