,mse,mae,r2
0,0.07811514884233475,0.203688582777977,0.5615872323513031
