,mse,mae,r2
0,0.1320243626832962,0.2651029691100121,0.25902763605117796
