,mse,mae,r2
0,0.4024775505065918,0.5037857979536057,0.4233005166053772
