,mse,mae,r2
0,0.10292561799287796,0.23311360776424409,0.4223411619663239
