,mse,mae,r2
0,0.2844437450170517,0.4833973705768585,-0.5964095950126648
