,mse,mae,r2
0,0.12819742038846016,0.2618189051747322,0.28050588965415957
