,mse,mae,r2
0,0.41259426772594454,0.5138856410980225,0.40880454182624815
