,mse,mae,r2
0,0.7568051278591156,0.6821458399295807,-0.08440613746643066
