,mse,mae,r2
0,1.2655772984027862,0.8288584232330323,-0.813412344455719
