,mse,mae,r2
0,0.6525217473506928,0.7186683177947998,0.06501876711845397
