,mse,mae,r2
0,0.3885896325111389,0.49322147369384767,0.44320014119148254
