,mse,mae,r2
0,0.1010843776166439,0.2327365756034851,0.4326749205589294
