,mse,mae,r2
0,0.7213095486164093,0.7499560952186585,-0.03354547023773193
