,mse,mae,r2
0,0.2867301911115646,0.4830134242773056,-0.6092422246932984
