,mse,mae,r2
0,0.3837144494056702,0.49218724071979525,0.45018565058708193
