,mse,mae,r2
0,0.333711576461792,0.4473026663064957,0.521833473443985
