,mse,mae,r2
0,0.08957175761461258,0.2154052346944809,0.4972882688045502
