,mse,mae,r2
0,0.33516494631767274,0.4486214190721512,0.5197509884834289
