,mse,mae,r2
0,0.6608556270599365,0.7205244898796082,0.0530773937702179
