,mse,mae,r2
0,0.44088911414146426,0.531900018453598,0.3682616055011749
