,mse,mae,r2
0,0.41575455069541933,0.5132841885089874,0.4042762637138367
