,mse,mae,r2
0,0.6903378903865814,0.7467639088630676,0.010832953453063964
