,mse,mae,r2
0,0.09870994612574577,0.2299935057759285,0.44600118398666383
