,mse,mae,r2
0,0.0968162976205349,0.22674809992313386,0.4566290616989136
