,mse,mae,r2
0,0.09324170202016831,0.22204613834619522,0.4766910791397095
