,mse,mae,r2
0,0.10164116770029068,0.23378224819898605,0.4295500159263611
