,mse,mae,r2
0,0.15209564566612244,0.3008806496858597,0.14637975692749022
