,mse,mae,r2
0,0.27493720799684523,0.39418317675590514,0.6060497283935546
