,mse,mae,r2
0,0.1265775240957737,0.25219217836856844,0.28959743976593016
