,mse,mae,r2
0,0.18026042133569717,0.31777197420597075,-0.01169198751449585
