,mse,mae,r2
0,0.25359189957380296,0.37887071669101713,0.6366348505020142
