,mse,mae,r2
0,0.4821873813867569,0.5620033323764801,0.30908639430999757
