,mse,mae,r2
0,0.1778552532196045,0.30846080780029295,0.0018066883087158204
