,mse,mae,r2
0,0.13649749010801315,0.27609496712684634,0.23392272591590882
