,mse,mae,r2
0,0.09244334697723389,0.2243710920214653,0.4811717391014099
