,mse,mae,r2
0,0.4488880276679993,0.5438371300697327,0.3568001687526703
