,mse,mae,r2
0,0.4794443905353546,0.5561860144138336,0.31301676034927367
