,mse,mae,r2
0,0.29692758023738863,0.42076651751995087,0.5745402812957764
