,mse,mae,r2
0,0.15232526361942292,0.30237902998924254,0.14509100914001466
