,mse,mae,r2
0,0.32260227799415586,0.4399882137775421,0.5377516865730285
