,mse,mae,r2
0,0.46743654906749726,0.530534315109253,0.33022249937057496
