,mse,mae,r2
0,0.2798540830612183,0.40045036375522614,0.599004477262497
