,mse,mae,r2
0,0.10654296204447747,0.2373241275548935,0.40203920006752014
