,mse,mae,r2
0,0.535299152135849,0.623107773065567,0.23298394680023193
