,mse,mae,r2
0,0.301945886015892,0.4203578352928162,0.5673496961593628
